description,label,tax_relevance
ACH/DR/BANK OF AMERICA REMITTANCE USD REMITTANCE /paym00987654321,FREELANCE_INCOME,foreign_remittance
RTGS/DR/RENT JOSHI NIWAS RENT UTR123456789,RENT_PAID,deduction_HRA_80GG
POS PRCH AT GIFT TO PARENTS REF-CR-2025-12345,TRANSFER,none
POS PRCH AT RELIANCE DIGITAL /BANGALORE TERMINAL 12,REGULAR_EXPENSE,none
WDL TFR UPI/DR/59302863/ELSS SIP HDFC/paym2540492440 AT LOC 6623,INVESTMENT_TAX_SAVING,deduction_80C_80CCD
IMPS/CR/ELSS SIP AXIS UTR123456789,INVESTMENT_TAX_SAVING,deduction_80C_80CCD
SALARY TCS LIMITED,SALARY_INCOME,salary
NEFT/DR/ELSS SIP AXIS /paym00987654321,INVESTMENT_TAX_SAVING,deduction_80C_80CCD
WDL TFR UPI/DR/57284777/DOMINOS/paym7640078465 AT LOC 2968,REGULAR_EXPENSE,none
WDL TFR UPI/DR/11646234/DIVIDEND INFOSYS LTD/paym7760554363 AT LOC 7790,DIVIDEND_INCOME,Schedule_OS
PERSONAL P2P,TRANSFER,none
WDL TFR UPI/DR/98145654/DEEPAK PAN SHOP/paym3070987704 AT LOC 1873,REGULAR_EXPENSE,none
NEFT/DR/EMERGENCY TRANSFER 04042025,TRANSFER,none
WDL TFR UPI/DR/23770458/GIFT TO PARENTS/paym5638860656 AT LOC 4943,TRANSFER,none
DAD ACCOUNT TRANSFER AT NASIK,TRANSFER,none
WDL TFR UPI/DR/41227216/SALARY ACCENTURE/paym9703905715 AT LOC 3357,SALARY_INCOME,salary
UPI/DR/PARAG PARIKH MF REDEMPTION UTR123456789,CAPITAL_MARKET,Schedule_CG
HOME CREDIT TWO WHEELER LOAN EMI 04042025,LOAN_EMI,deduction_24b_80C
ACH/DR/AXIS MUTUAL FUND SIP PURCHASE REF-CR-2025-12345,CAPITAL_MARKET,Schedule_CG
SETHIA FOOTWEAR REF-CR-2025-12345,REGULAR_EXPENSE,none
WDL TFR UPI/DR/25558733/LIC OF INDIA RENEWAL/paym5243939720 AT LOC 8989,INSURANCE_PREMIUM,deduction_80D_80C
WDL TFR UPI/DR/41944441/UPWORK GLOBAL INC USD REMITTANCE/paym3084839399 AT LOC 8934,FREELANCE_INCOME,foreign_remittance
WDL TFR UPI/DR/40173413/RENT FLAT RENT HSR LAYOUT/paym3781569954 AT LOC 4452,RENT_PAID,deduction_HRA_80GG
BOX8,REGULAR_EXPENSE,none
CROMA /BANGALORE TERMINAL 12,REGULAR_EXPENSE,none
UPI/CR/WISE PAYMENTS USD REMITTANCE REF-CR-2025-12345,FREELANCE_INCOME,foreign_remittance
MOM TRANSFER 04042025,TRANSFER,none
RTGS/DR/BAJAJ FINSERV TWO WHEELER LOAN EMI /paym00987654321,LOAN_EMI,deduction_24b_80C
HOME CREDIT TWO WHEELER LOAN EMI 04042025,LOAN_EMI,deduction_24b_80C
WDL TFR UPI/DR/41674763/WIFE ACCOUNT TRANSFER/paym6868336102 AT LOC 6372,TRANSFER,none
UPI/DR/COINSWITCH BTC PURCHASE /paym00987654321,CRYPTO_TRANSACTION,VDA
RENT MONTHLY RENT SHARMA JI /TXN-REF-7654321,RENT_PAID,deduction_HRA_80GG
WDL TFR UPI/DR/78765957/BIKANER MISTHAN BHANDAR/paym5783809766 AT LOC 7143,REGULAR_EXPENSE,none
WDL TFR NEFT-TRANSFER TO PPF ACCOUNT AT NASIK,TRANSFER,none
WDL TFR UPI/DR/60929647/SALARY ZOMATO TECH/paym1240251661 AT LOC 625,SALARY_INCOME,salary
NEFT/DR/MAA AMBE PROVISION /paym00987654321,REGULAR_EXPENSE,none
WDL TFR UPI/DR/50477742/INT CR HDFC SAVINGS Q3/paym4361393222 AT LOC 5788,INTEREST_INCOME,Schedule_OS
WDL TFR NEFT-RAJESH SAREE EMPORIUM /MUMBAI,REGULAR_EXPENSE,none
IMPS/CR/SHRI GANESH SUPER MARKET,REGULAR_EXPENSE,none
ELSS SIP MIRAE /MUMBAI,INVESTMENT_TAX_SAVING,deduction_80C_80CCD
WDL TFR NEFT-NSC PURCHASE 04042025,INVESTMENT_TAX_SAVING,deduction_80C_80CCD
RTGS/DR/SISTER ACCOUNT /paym00987654321,TRANSFER,none
WDL TFR NEFT-RAJWADI THALI REF-CR-2025-12345,REGULAR_EXPENSE,none
WDL TFR UPI/DR/26104026/AAPKA APNA STORE/paym5328166990 AT LOC 7155,REGULAR_EXPENSE,none
HEERA LAL JEWELLERS /MUMBAI,REGULAR_EXPENSE,none
ACH/DR/PAYPAL USD REMITTANCE /paym00987654321,FREELANCE_INCOME,foreign_remittance
UPI TRANSFER TO RAHUL VERMA REF-CR-2025-12345,TRANSFER,none
ACH/DR/BUYUCOIN CRYPTO SELL,CRYPTO_TRANSACTION,VDA
WDL TFR NEFT-GANPATI SWEET HOUSE /paym00987654321,REGULAR_EXPENSE,none
WDL TFR UPI/DR/73481797/TATA AIG RENEWAL/paym8779941999 AT LOC 6425,INSURANCE_PREMIUM,deduction_80D_80C
POS PRCH AT REFUND CR FROM AMAZON /BANGALORE TERMINAL 12,TRANSFER,none
WDL TFR UPI/DR/16202700/PAYTM MONEY STOCK PURCHASE/paym5607762160 AT LOC 6890,CAPITAL_MARKET,Schedule_CG
POS PRCH AT BAJAJ FINSERV PERSONAL LOAN EMI AT NASIK,LOAN_EMI,deduction_24b_80C
RTGS/DR/DIVIDEND TCS LTD /TXN-REF-7654321,DIVIDEND_INCOME,Schedule_OS
WDL TFR UPI/DR/77005685/SALARY MAKEMYTRIP/paym2970753705 AT LOC 4439,SALARY_INCOME,salary
PAYTM MONEY STOCK PURCHASE /BANGALORE TERMINAL 12,CAPITAL_MARKET,Schedule_CG
NEFT/DR/SALARY WIPRO LTD,SALARY_INCOME,salary
WDL TFR UPI/DR/91503378/KOTAK FD MATURITY INT/paym4085320828 AT LOC 2783,INTEREST_INCOME,Schedule_OS
WDL TFR NEFT-SALARY OYO ROOMS UTR123456789,SALARY_INCOME,salary
WDL TFR HOME CREDIT EDUCATION LOAN EMI REF-CR-2025-12345,LOAN_EMI,deduction_24b_80C
WDL TFR UPI/DR/51827259/RUKMINI MART/paym8394198376 AT LOC 9399,REGULAR_EXPENSE,none
WDL TFR UPI/DR/75927774/P2P PAYMENT TO FRIEND/paym1859759428 AT LOC 2323,TRANSFER,none
POS PRCH AT ZEBPAY USDT TRANSFER 04042025,CRYPTO_TRANSACTION,VDA
SELF TRANSFER TO SAVINGS,TRANSFER,none
IMPS/CR/MAX BUPA HEALTH RENEWAL UTR123456789,INSURANCE_PREMIUM,deduction_80D_80C
UPI/DR/FRIEND LOAN REPAYMENT /BANGALORE TERMINAL 12,TRANSFER,none
POS PRCH AT INDIABULLS TWO WHEELER LOAN EMI UTR123456789,LOAN_EMI,deduction_24b_80C
POS PRCH AT BITBNS CRYPTO BUY /MUMBAI,CRYPTO_TRANSACTION,VDA
WDL TFR UPI/DR/52773159/MEESHO/paym4997866845 AT LOC 5593,REGULAR_EXPENSE,none
UPI/CR/SALARY TATA STEEL /TXN-REF-7654321,SALARY_INCOME,salary
PATEL GENERAL STORE UTR123456789,REGULAR_EXPENSE,none
WDL TFR UPI/DR/62884503/DSP MUTUAL FUND MF REDEMPTION/paym3847562279 AT LOC 1475,CAPITAL_MARKET,Schedule_CG
UPI/DR/ANGEL BROKING STOCK PURCHASE /MUMBAI,CAPITAL_MARKET,Schedule_CG
WDL TFR UPI/DR/42949803/ICICI SAVINGS INT MAR/paym5667181604 AT LOC 7485,INTEREST_INCOME,Schedule_OS
WDL TFR NEFT-RAVI BHAJI WALA,REGULAR_EXPENSE,none
WDL TFR UPI/DR/22981052/SALARY CAPGEMINI/paym9776552803 AT LOC 7627,SALARY_INCOME,salary
POS PRCH AT IRCTC,REGULAR_EXPENSE,none
DEP TFR NPS TRUST CONTRIBUTION,INVESTMENT_TAX_SAVING,deduction_80C_80CCD
WDL TFR UPI/DR/64549859/INDUSIND FD INT/paym4256292393 AT LOC 7900,INTEREST_INCOME,Schedule_OS
WDL TFR UPI/DR/66581473/DSP MUTUAL FUND SIP PURCHASE/paym5646751885 AT LOC 417,CAPITAL_MARKET,Schedule_CG
FRIEND LOAN REPAYMENT /paym00987654321,TRANSFER,none
KOTAK MAHINDRA MF MUTUAL FUND REDEEM /paym00987654321,CAPITAL_MARKET,Schedule_CG
MONU TYRES AND PUNCTURE /TXN-REF-7654321,REGULAR_EXPENSE,none
DEP TFR SALARY ADITYA BIRLA UTR123456789,SALARY_INCOME,salary
WDL TFR UPI/DR/99686286/FIRSTCRY/paym9957643727 AT LOC 6008,REGULAR_EXPENSE,none
WDL TFR UPI/DR/46913810/SALARY INFOSYS BPM LTD/paym2051802512 AT LOC 2386,SALARY_INCOME,salary
WDL TFR UPI/DR/96825515/UPI TRANSFER TO RAHUL VERMA/paym6115750294 AT LOC 5948,TRANSFER,none
BAJAJ FINSERV EDUCATION LOAN EMI /BANGALORE TERMINAL 12,LOAN_EMI,deduction_24b_80C
WDL TFR UPI/DR/99100953/INDMONEY EQUITY SELL/paym2439622619 AT LOC 3948,CAPITAL_MARKET,Schedule_CG
RTGS/DR/MAMA JI KE PAKODE REF-CR-2025-12345,REGULAR_EXPENSE,none
WDL TFR UPI/DR/67854710/GUSTO PAYROLL USD REMITTANCE/paym6816663775 AT LOC 6835,FREELANCE_INCOME,foreign_remittance
POS PRCH AT RENT RENT KORAMANGALA APARTMENT AT NASIK,RENT_PAID,deduction_HRA_80GG
SALARY PHONEPE REF-CR-2025-12345,SALARY_INCOME,salary
IMPS/CR/VERMA HARDWARE REF-CR-2025-12345,REGULAR_EXPENSE,none
SALARY PWC INDIA REF-CR-2025-12345,SALARY_INCOME,salary
IMPS/CR/YES BANK SAVINGS INT REF-CR-2025-12345,INTEREST_INCOME,Schedule_OS
WDL TFR NEFT-STAR HEALTH INSURANCE RENEWAL,INSURANCE_PREMIUM,deduction_80D_80C
RTGS/DR/HUSBAND TRANSFER,TRANSFER,none
WDL TFR UPI/DR/29419691/SINGH DHABA/paym5241397494 AT LOC 8950,REGULAR_EXPENSE,none
ACH/DR/SHIVA SWEETS AND NAMKEEN AT NASIK,REGULAR_EXPENSE,none
WDL TFR UPI/DR/28463709/CROMA/paym1665484476 AT LOC 4946,REGULAR_EXPENSE,none
WDL TFR UPI/DR/20633503/INDIGO/paym5376588372 AT LOC 3633,REGULAR_EXPENSE,none
UPI/CR/COINSWITCH CRYPTO BUY,CRYPTO_TRANSACTION,VDA
POS PRCH AT VOLUNTARY NPS /BANGALORE TERMINAL 12,INVESTMENT_TAX_SAVING,deduction_80C_80CCD
RADHE RADHE GROCERY /TXN-REF-7654321,REGULAR_EXPENSE,none
UPI/DR/RELIANCE GENERAL RENEWAL UTR123456789,INSURANCE_PREMIUM,deduction_80D_80C
SALARY OLA CABS /MUMBAI,SALARY_INCOME,salary
DEP TFR GANGA BAKERY 04042025,REGULAR_EXPENSE,none
POS PRCH AT JAI HIND CLOTH STORE REF-CR-2025-12345,REGULAR_EXPENSE,none
WDL TFR NEFT-WIFE ACCOUNT TRANSFER 04042025,TRANSFER,none
BANK OF AMERICA REMITTANCE USD REMITTANCE UTR123456789,FREELANCE_INCOME,foreign_remittance
WDL TFR UPI/DR/29226889/BABA RAMDEV ATTA CHAKKI/paym2721355673 AT LOC 2424,REGULAR_EXPENSE,none
NEFT/CR/RENT RENT FLAT DOMBIVALI,RENT_PAID,deduction_HRA_80GG
WDL TFR UPI/DR/55199748/JIOMART/paym3654424954 AT LOC 9885,REGULAR_EXPENSE,none
RTGS/DR/SALARY SBI /paym00987654321,SALARY_INCOME,salary
WDL TFR UPI/DR/99038526/MUDREX CRYPTO BUY/paym4771526597 AT LOC 4433,CRYPTO_TRANSACTION,VDA
RTGS/DR/ANGEL BROKING EQUITY SELL,CAPITAL_MARKET,Schedule_CG
PAYONEER USD REMITTANCE /TXN-REF-7654321,FREELANCE_INCOME,foreign_remittance
WDL TFR UPI/DR/19165226/MUNNI BEN SWEET CORNER/paym7308968023 AT LOC 5061,REGULAR_EXPENSE,none
NEFT/CR/BITBNS BTC PURCHASE /MUMBAI,CRYPTO_TRANSACTION,VDA
ACH/DR/ICICI SAVINGS INT MAR /BANGALORE TERMINAL 12,INTEREST_INCOME,Schedule_OS
TRANSFER TO BROTHER ACCOUNT,TRANSFER,none
MAHALAXMI PROVISION /MUMBAI,REGULAR_EXPENSE,none
NEFT/DR/MOTILAL OSWAL EQUITY SELL /BANGALORE TERMINAL 12,CAPITAL_MARKET,Schedule_CG
NEFT/CR/DIVIDEND HDFC BANK LTD,DIVIDEND_INCOME,Schedule_OS
WDL TFR UPI/DR/40158366/GUSTO PAYROLL USD REMITTANCE/paym5569956444 AT LOC 444,FREELANCE_INCOME,foreign_remittance
WDL TFR UPI/DR/10872248/SALARY HCL TECHNOLOGIES/paym7110082321 AT LOC 4652,SALARY_INCOME,salary
WDL TFR UPI/DR/54585178/BINANCE CRYPTO SELL/paym6360837474 AT LOC 2708,CRYPTO_TRANSACTION,VDA
POS PRCH AT NIVA BUPA RENEWAL /paym00987654321,INSURANCE_PREMIUM,deduction_80D_80C
ACH/DR/5PAISA EQUITY SELL AT NASIK,CAPITAL_MARKET,Schedule_CG
PAYTM MONEY STOCK PURCHASE /paym00987654321,CAPITAL_MARKET,Schedule_CG
UPI/CR/ADITYA BIRLA HEALTH PREMIUM UTR123456789,INSURANCE_PREMIUM,deduction_80D_80C
WDL TFR UPI/DR/73791320/WISE PAYMENTS USD REMITTANCE/paym6004182187 AT LOC 8745,FREELANCE_INCOME,foreign_remittance
REFUND CR FROM AMAZON 04042025,TRANSFER,none
UPI/DR/GIOTTUS CRYPTO BUY UTR123456789,CRYPTO_TRANSACTION,VDA
IMPS/CR/KOTAK SECURITIES EQUITY SELL /TXN-REF-7654321,CAPITAL_MARKET,Schedule_CG
WDL TFR RENT MEHTA RESIDENCY OWNER /TXN-REF-7654321,RENT_PAID,deduction_HRA_80GG
RELIANCE DIGITAL /TXN-REF-7654321,REGULAR_EXPENSE,none
WDL TFR UPI/DR/49609054/HDFC BANK PERSONAL LOAN EMI/paym2784572192 AT LOC 3389,LOAN_EMI,deduction_24b_80C
WDL TFR RENT MR SHARMA HOUSE OWNER AT NASIK,RENT_PAID,deduction_HRA_80GG
WDL TFR UPI/DR/94989976/DOODHWALA MILK DELIVERY/paym3190227431 AT LOC 5824,REGULAR_EXPENSE,none
WDL TFR UPI/DR/26937148/BHAIYA JI PAN SHOP/paym6691628146 AT LOC 9887,REGULAR_EXPENSE,none
WDL TFR MUDREX CRYPTO BUY /BANGALORE TERMINAL 12,CRYPTO_TRANSACTION,VDA
RTGS/DR/BAJAJ FINSERV HOME LOAN EMI UTR123456789,LOAN_EMI,deduction_24b_80C
NEFT/DR/DIVIDEND RELIANCE LTD /paym00987654321,DIVIDEND_INCOME,Schedule_OS
UPI/DR/CRYPTOPRO CRYPTO BUY /paym00987654321,CRYPTO_TRANSACTION,VDA
RTGS/DR/BITBNS CRYPTO SELL REF-CR-2025-12345,CRYPTO_TRANSACTION,VDA
NEFT/CR/ANJALI BEAUTY PARLOUR AT NASIK,REGULAR_EXPENSE,none
YAMUNA SWEETS UTR123456789,REGULAR_EXPENSE,none
WDL TFR UPI/DR/45570755/TATA CAPITAL TWO WHEELER LOAN EMI/paym8270110908 AT LOC 1415,LOAN_EMI,deduction_24b_80C
WDL TFR UPI/DR/87844239/5PAISA EQUITY BUY/paym6679017210 AT LOC 7338,CAPITAL_MARKET,Schedule_CG
RTGS/DR/INT CR HDFC SAVINGS Q3 /BANGALORE TERMINAL 12,INTEREST_INCOME,Schedule_OS
IMPS/CR/HUSBAND TRANSFER,TRANSFER,none
BOX8 /paym00987654321,REGULAR_EXPENSE,none
WDL TFR UPI/DR/73560289/AXIS BANK FD INT/paym3875303857 AT LOC 9340,INTEREST_INCOME,Schedule_OS
WDL TFR UPI/DR/55540424/WESTERN UNION USD REMITTANCE/paym1469306919 AT LOC 3239,FREELANCE_INCOME,foreign_remittance
WDL TFR UPI/DR/13460153/KUMAR CLOTH HOUSE/paym1566090561 AT LOC 5969,REGULAR_EXPENSE,none
WDL TFR UPI/DR/79519112/INDMONEY EQUITY BUY/paym2995226582 AT LOC 9232,CAPITAL_MARKET,Schedule_CG
POS PRCH AT HDFC LIFE INSURANCE ANNUAL PREMIUM AT NASIK,INSURANCE_PREMIUM,deduction_80D_80C
NEFT/CR/STAR HEALTH INSURANCE RENEWAL /MUMBAI,INSURANCE_PREMIUM,deduction_80D_80C
WDL TFR UPI/DR/37057085/ZOMATO/paym5474951950 AT LOC 5180,REGULAR_EXPENSE,none
IMPS/CR/GHAR KA SWAAD CATERERS 04042025,REGULAR_EXPENSE,none
POS PRCH AT DEUTSCHE BANK CLIENT USD USD REMITTANCE UTR123456789,FREELANCE_INCOME,foreign_remittance
ACH/DR/SHARMA SWEET MART,REGULAR_EXPENSE,none
WDL TFR UPI/DR/59731689/ULIP PREMIUM/paym6228133486 AT LOC 7385,INVESTMENT_TAX_SAVING,deduction_80C_80CCD
WDL TFR UPI/DR/98195059/MORE SUPERMARKET/paym3698343112 AT LOC 9633,REGULAR_EXPENSE,none
POS PRCH AT PNB RD INTEREST,INTEREST_INCOME,Schedule_OS
RTGS/DR/ELSS SIP AXIS /paym00987654321,INVESTMENT_TAX_SAVING,deduction_80C_80CCD
WDL TFR NEFT-SAI BABA STORES /BANGALORE TERMINAL 12,REGULAR_EXPENSE,none
NEFT/DR/RENT LANDLORD MR VERMA /paym00987654321,RENT_PAID,deduction_HRA_80GG
WDL TFR UPI/DR/84593961/TOPTAL USD REMITTANCE/paym3090237817 AT LOC 3211,FREELANCE_INCOME,foreign_remittance
ACH/DR/ICICI PRUDENTIAL MF MUTUAL FUND REDEEM,CAPITAL_MARKET,Schedule_CG
WDL TFR UPI/DR/29655410/AAJ KA SPECIAL DHABA/paym2099375147 AT LOC 2942,REGULAR_EXPENSE,none
NEFT/DR/BLINKIT AT NASIK,REGULAR_EXPENSE,none
WDL TFR UPI/DR/48504300/AJIO/paym4569592370 AT LOC 7785,REGULAR_EXPENSE,none
WDL TFR UPI/DR/44917589/KOTAK MAHINDRA MF MF REDEMPTION/paym6923206003 AT LOC 3567,CAPITAL_MARKET,Schedule_CG
NEFT/CR/EASEMYTRIP 04042025,REGULAR_EXPENSE,none
NEFT/DR/REMITLY USD REMITTANCE,FREELANCE_INCOME,foreign_remittance
DEP TFR HOME CREDIT PERSONAL LOAN EMI,LOAN_EMI,deduction_24b_80C
WDL TFR UPI/DR/98843907/MOHAN LAL TAILORS/paym7116096874 AT LOC 7342,REGULAR_EXPENSE,none
NEFT/DR/SALARY MICROSOFT INDIA,SALARY_INCOME,salary
DEP TFR DAD ACCOUNT TRANSFER /TXN-REF-7654321,TRANSFER,none
WDL TFR NEFT-INDANE GAS /paym00987654321,REGULAR_EXPENSE,none
WDL TFR NEFT-RAM DARSHAN VEG RESTAURANT AT NASIK,REGULAR_EXPENSE,none
IMPS/CR/RAJU AUTO STAND /TXN-REF-7654321,REGULAR_EXPENSE,none
UPI/CR/RENT AGARWAL HOUSING REF-CR-2025-12345,RENT_PAID,deduction_HRA_80GG
ACH/DR/BAJAJ ALLIANZ PREMIUM /TXN-REF-7654321,INSURANCE_PREMIUM,deduction_80D_80C
KOTAK HOME LOAN EMI,LOAN_EMI,deduction_24b_80C
ACH/DR/KOTAK FD MATURITY INT /BANGALORE TERMINAL 12,INTEREST_INCOME,Schedule_OS
NEFT/CR/FREELANCER COM USD REMITTANCE,FREELANCE_INCOME,foreign_remittance
UPI/CR/YES BANK SAVINGS INT AT NASIK,INTEREST_INCOME,Schedule_OS
RTGS/DR/OLA CABS /TXN-REF-7654321,REGULAR_EXPENSE,none
SALARY PAYTM UTR123456789,SALARY_INCOME,salary
UPI/CR/MANIPAL CIGNA ANNUAL PREMIUM /BANGALORE TERMINAL 12,INSURANCE_PREMIUM,deduction_80D_80C
WDL TFR NEFT-BINANCE USDT TRANSFER,CRYPTO_TRANSACTION,VDA
RTGS/DR/AGRAWAL SARI CENTER AT NASIK,REGULAR_EXPENSE,none
UPI/DR/SHRI HARI MEDICAL HALL /TXN-REF-7654321,REGULAR_EXPENSE,none
WDL TFR UPI/DR/71974027/CHANDU TEA STALL/paym2940955281 AT LOC 1032,REGULAR_EXPENSE,none
WDL TFR UPI/DR/30005727/KUCOIN ETH SALE/paym3343292475 AT LOC 6149,CRYPTO_TRANSACTION,VDA
WDL TFR UPI/DR/59470729/PPF DEPOSIT/paym8182649048 AT LOC 9677,INVESTMENT_TAX_SAVING,deduction_80C_80CCD
WDL TFR UPI/DR/26354208/AMAZON/paym1205082311 AT LOC 6978,REGULAR_EXPENSE,none
DEP TFR SALARY TECH MAHINDRA UTR123456789,SALARY_INCOME,salary
WDL TFR UPI/DR/33328859/RENT SUNITA AUNTY RENT/paym3370788647 AT LOC 2664,RENT_PAID,deduction_HRA_80GG
RTGS/DR/RELIANCE DIGITAL /TXN-REF-7654321,REGULAR_EXPENSE,none
BANSAL DRY FRUITS,REGULAR_EXPENSE,none
RTGS/DR/SBI TWO WHEELER LOAN EMI,LOAN_EMI,deduction_24b_80C
RTGS/DR/SISTER ACCOUNT /BANGALORE TERMINAL 12,TRANSFER,none
POS PRCH AT DIVIDEND BHARTI AIRTEL LTD 04042025,DIVIDEND_INCOME,Schedule_OS
WDL TFR UPI/DR/66390708/NIPPON INDIA MF MUTUAL FUND REDEEM/paym7767538527 AT LOC 7914,CAPITAL_MARKET,Schedule_CG
WDL TFR UPI/DR/68353204/SALARY DELOITTE INDIA/paym5974249674 AT LOC 153,SALARY_INCOME,salary
WDL TFR UPI/DR/57319709/INTERNAL ACCOUNT TRANSFER/paym7163022531 AT LOC 1039,TRANSFER,none
PI42 USDT TRANSFER /paym00987654321,CRYPTO_TRANSACTION,VDA
PAYTM MONEY EQUITY SELL AT NASIK,CAPITAL_MARKET,Schedule_CG
IMPS/CR/AGGARWAL SWEETS,REGULAR_EXPENSE,none
HOME CREDIT HOUSING LOAN EMI /BANGALORE TERMINAL 12,LOAN_EMI,deduction_24b_80C
NEFT/DR/GUPTA KIRANA STORE UTR123456789,REGULAR_EXPENSE,none
UPI/DR/TAX SAVER FD,INVESTMENT_TAX_SAVING,deduction_80C_80CCD
IMPS/CR/VAISHNO DEVI BHOJANALAYA /BANGALORE TERMINAL 12,REGULAR_EXPENSE,none
NEFT/CR/BAJAJ ALLIANZ RENEWAL,INSURANCE_PREMIUM,deduction_80D_80C
WDL TFR NEFT-RELIANCE FRESH /BANGALORE TERMINAL 12,REGULAR_EXPENSE,none
DEP TFR GUJRATI THALI HOUSE /MUMBAI,REGULAR_EXPENSE,none
JAI MAHARASHTRA SWEET HOUSE /paym00987654321,REGULAR_EXPENSE,none
WDL TFR UPI/DR/77378254/AIRTEL BROADBAND/paym2606152369 AT LOC 6426,REGULAR_EXPENSE,none
RTGS/DR/SBI RD INTEREST MATURITY /BANGALORE TERMINAL 12,INTEREST_INCOME,Schedule_OS
UPI/CR/PERSONAL P2P /MUMBAI,TRANSFER,none
NEFT/CR/DIVIDEND TCS LTD /BANGALORE TERMINAL 12,DIVIDEND_INCOME,Schedule_OS
ACH/DR/CRYPTOPRO CRYPTO SELL /BANGALORE TERMINAL 12,CRYPTO_TRANSACTION,VDA
POS PRCH AT INDIABULLS TWO WHEELER LOAN EMI UTR123456789,LOAN_EMI,deduction_24b_80C
UPI/DR/MEESHO UTR123456789,REGULAR_EXPENSE,none
WDL TFR UPI/DR/51644346/SABZI MANDI BHAIYA/paym8498174646 AT LOC 3730,REGULAR_EXPENSE,none
WDL TFR UPI/DR/21571646/TRANSFER TO PPF ACCOUNT/paym5577353273 AT LOC 6623,TRANSFER,none
UPI/CR/TRANSFER TO BROTHER ACCOUNT /TXN-REF-7654321,TRANSFER,none
IMPS/CR/BORROWED MONEY RETURN 04042025,TRANSFER,none
WDL TFR UPI/DR/65857931/RENT RAMESH KUMAR PROPERTIES/paym7539399243 AT LOC 7481,RENT_PAID,deduction_HRA_80GG
WDL TFR UPI/DR/15957459/ZEBPAY CRYPTO BUY/paym8339176912 AT LOC 127,CRYPTO_TRANSACTION,VDA
MISHRA CHAI WALA UTR123456789,REGULAR_EXPENSE,none
RTGS/DR/HDFC FD INTEREST Q2 REF-CR-2025-12345,INTEREST_INCOME,Schedule_OS
WDL TFR UPI/DR/41383044/SUKANYA SAMRIDHI/paym3024977737 AT LOC 9298,INVESTMENT_TAX_SAVING,deduction_80C_80CCD
CASH WITHDRAWAL SBI /MUMBAI,TRANSFER,none
ACH/DR/DEUTSCHE BANK CLIENT USD USD REMITTANCE,FREELANCE_INCOME,foreign_remittance
ACH/DR/HDFC FD INTEREST Q2 UTR123456789,INTEREST_INCOME,Schedule_OS
NEFT/DR/AXIS BANK FD INT /BANGALORE TERMINAL 12,INTEREST_INCOME,Schedule_OS
POS PRCH AT FEDERAL BANK FD INT /TXN-REF-7654321,INTEREST_INCOME,Schedule_OS
UPI/DR/POOJA CYBER CAFE /paym00987654321,REGULAR_EXPENSE,none
WDL TFR UPI/DR/99152472/DHAN BROKING EQUITY SELL/paym9249648005 AT LOC 5243,CAPITAL_MARKET,Schedule_CG
DEP TFR TATA AIG ANNUAL PREMIUM /BANGALORE TERMINAL 12,INSURANCE_PREMIUM,deduction_80D_80C
UPI/CR/BANK OF AMERICA REMITTANCE USD REMITTANCE /MUMBAI,FREELANCE_INCOME,foreign_remittance
UPI/CR/SALARY GOOGLE INDIA,SALARY_INCOME,salary
RANI CLOTH HOUSE /TXN-REF-7654321,REGULAR_EXPENSE,none
SALARY AMAZON DEVELOPMENT /TXN-REF-7654321,SALARY_INCOME,salary
MOM TRANSFER /BANGALORE TERMINAL 12,TRANSFER,none
NEFT/CR/ANGEL BROKING STOCK PURCHASE,CAPITAL_MARKET,Schedule_CG
UPI/CR/SBI SAVINGS INTEREST Q1 04042025,INTEREST_INCOME,Schedule_OS
WDL TFR UPI/DR/10209961/TATACLIQ/paym7935554354 AT LOC 4041,REGULAR_EXPENSE,none
WDL TFR PAYONEER USD REMITTANCE 04042025,FREELANCE_INCOME,foreign_remittance
DEP TFR DMART READY UTR123456789,REGULAR_EXPENSE,none
WDL TFR UPI/DR/36975128/REVERSAL UPI TRANSACTION/paym4401896171 AT LOC 3978,TRANSFER,none
WDL TFR UPI/DR/87201917/RENT GULSHAN RAI RENT/paym8822944679 AT LOC 9541,RENT_PAID,deduction_HRA_80GG
MAX BUPA HEALTH ANNUAL PREMIUM /paym00987654321,INSURANCE_PREMIUM,deduction_80D_80C
IMPS/CR/PRINCE GIFT GALLERY AT NASIK,REGULAR_EXPENSE,none
ATM WITHDRAWAL HDFC /BANGALORE TERMINAL 12,TRANSFER,none
UPI/DR/COINDCX CRYPTO BUY 04042025,CRYPTO_TRANSACTION,VDA
WDL TFR UPI/DR/68812137/VAULD CRYPTO BUY/paym8316648259 AT LOC 8766,CRYPTO_TRANSACTION,VDA
DIVIDEND HDFC BANK LTD /paym00987654321,DIVIDEND_INCOME,Schedule_OS
NEFT/CR/BANARAS PAAN BHANDAR /paym00987654321,REGULAR_EXPENSE,none
WDL TFR NEFT-BABLU AUTO REPAIR /MUMBAI,REGULAR_EXPENSE,none
WDL TFR UPI/DR/71327848/SBI TWO WHEELER LOAN EMI/paym9655852024 AT LOC 2461,LOAN_EMI,deduction_24b_80C
UBER 04042025,REGULAR_EXPENSE,none
WDL TFR UPI/DR/58436637/DIVIDEND BAJAJ FINANCE LTD/paym6065662867 AT LOC 331,DIVIDEND_INCOME,Schedule_OS
ACH/DR/POLICYBAZAAR LIC ANNUAL PREMIUM /BANGALORE TERMINAL 12,INSURANCE_PREMIUM,deduction_80D_80C
DHAN BROKING SHARE SALE /paym00987654321,CAPITAL_MARKET,Schedule_CG
WDL TFR UPI/DR/61220073/SALARY ICICI BANK/paym5047709743 AT LOC 1976,SALARY_INCOME,salary
WDL TFR UPI/DR/81291936/KOTAK CAR LOAN EMI/paym1773338452 AT LOC 2968,LOAN_EMI,deduction_24b_80C
WDL TFR UPI/DR/21087928/CASH WITHDRAWAL SBI/paym8417757797 AT LOC 1393,TRANSFER,none
WDL TFR UPI/DR/98292612/OM SAI MEDICAL/paym2148679234 AT LOC 3055,REGULAR_EXPENSE,none
SBI PERSONAL LOAN EMI AT NASIK,LOAN_EMI,deduction_24b_80C
NEFT/DR/LIC OF INDIA POLICY PAYMENT 04042025,INSURANCE_PREMIUM,deduction_80D_80C
P2P PAYMENT TO FRIEND,TRANSFER,none
NEFT/DR/WAZIRX USDT TRANSFER 04042025,CRYPTO_TRANSACTION,VDA
VOLUNTARY NPS /paym00987654321,INVESTMENT_TAX_SAVING,deduction_80C_80CCD
ACH/DR/COINSWITCH BTC PURCHASE REF-CR-2025-12345,CRYPTO_TRANSACTION,VDA
SALARY COGNIZANT /paym00987654321,SALARY_INCOME,salary
KRISHNA MILK DAIRY AT NASIK,REGULAR_EXPENSE,none
WDL TFR UPI/DR/74988034/DIVIDEND ASIAN PAINTS LTD/paym7858164010 AT LOC 1747,DIVIDEND_INCOME,Schedule_OS
ACH/DR/AMAN JUICEWALA 04042025,REGULAR_EXPENSE,none
WDL TFR UPI/DR/74287863/BALAJI VEG/paym8934086843 AT LOC 7084,REGULAR_EXPENSE,none
WDL TFR UPI/DR/43742830/DIVIDEND ITC LIMITED LTD/paym1990153355 AT LOC 3255,DIVIDEND_INCOME,Schedule_OS
DEP TFR JINDAL CONFECTIONERY,REGULAR_EXPENSE,none
WDL TFR NEFT-SALARY BAJAJ FINSERV,SALARY_INCOME,salary
WDL TFR UPI/DR/64759583/RELIANCE GENERAL PREMIUM/paym1400330495 AT LOC 1958,INSURANCE_PREMIUM,deduction_80D_80C
UPI/DR/MIRAE ASSET MF SIP PURCHASE AT NASIK,CAPITAL_MARKET,Schedule_CG
WDL TFR UPI/DR/61926331/JIOMART/paym9508499533 AT LOC 4255,REGULAR_EXPENSE,none
UPI/CR/VOLUNTARY NPS,INVESTMENT_TAX_SAVING,deduction_80C_80CCD
WDL TFR UPI/DR/25356396/MAA TARA CYCLE STORES/paym6218484323 AT LOC 7498,REGULAR_EXPENSE,none
WDL TFR NEFT-HDFC BANK PERSONAL LOAN EMI UTR123456789,LOAN_EMI,deduction_24b_80C
WDL TFR UPI/DR/43528453/JPMORGAN CHASE USD USD REMITTANCE/paym5618742930 AT LOC 9116,FREELANCE_INCOME,foreign_remittance
WDL TFR UPI/DR/19335534/SALARY FLIPKART/paym9786748825 AT LOC 3833,SALARY_INCOME,salary
BESCOM,REGULAR_EXPENSE,none
NEFT/CR/RENT RAJESH GUPTA RENTAL REF-CR-2025-12345,RENT_PAID,deduction_HRA_80GG
WDL TFR UPI/DR/94281857/MEERA BAI CLOTH MART/paym7417183769 AT LOC 9336,REGULAR_EXPENSE,none
WDL TFR ULIP PREMIUM,INVESTMENT_TAX_SAVING,deduction_80C_80CCD
WDL TFR UPI/DR/84359498/INTERNAL ACCOUNT TRANSFER/paym7752880042 AT LOC 7757,TRANSFER,none
NEFT/CR/CHACHA JI DHABA,REGULAR_EXPENSE,none
WDL TFR UPI/DR/22119391/GOLU DRY FRUITS/paym7472806994 AT LOC 7681,REGULAR_EXPENSE,none
NEFT/CR/ANGEL BROKING EQUITY BUY 04042025,CAPITAL_MARKET,Schedule_CG
NEFT/DR/MAHANAGAR GAS /paym00987654321,REGULAR_EXPENSE,none
WDL TFR UPI/DR/59394697/SELF TRANSFER TO SAVINGS/paym9403012103 AT LOC 5654,TRANSFER,none
WDL TFR UPI/DR/32269779/RENT HOUSE RENT PAYMENT JUNE/paym8699281063 AT LOC 9849,RENT_PAID,deduction_HRA_80GG
UPI/CR/UNOCOIN USDT TRANSFER /MUMBAI,CRYPTO_TRANSACTION,VDA
WDL TFR FD INT AXIS Q4 AT NASIK,INTEREST_INCOME,Schedule_OS
RTGS/DR/LIC HOUSING FINANCE TWO WHEELER LOAN EMI,LOAN_EMI,deduction_24b_80C
NEFT/DR/HDFC BANK HOME LOAN EMI /TXN-REF-7654321,LOAN_EMI,deduction_24b_80C
WDL TFR NEFT-AIR INDIA /paym00987654321,REGULAR_EXPENSE,none
DEP TFR SALARY HDFC LIFE 04042025,SALARY_INCOME,salary
WDL TFR UPI/DR/75181648/FIVERR INTERNATIONAL USD REMITTANCE/paym3067418686 AT LOC 6670,FREELANCE_INCOME,foreign_remittance
IMPS/CR/MUDREX ETH SALE 04042025,CRYPTO_TRANSACTION,VDA
WDL TFR NEFT-RECURRING DEPOSIT INTEREST /paym00987654321,INTEREST_INCOME,Schedule_OS
NSC PURCHASE REF-CR-2025-12345,INVESTMENT_TAX_SAVING,deduction_80C_80CCD
WDL TFR UPI/DR/38470244/FEDERAL BANK FD INT/paym6404582459 AT LOC 4681,INTEREST_INCOME,Schedule_OS
WDL TFR UPI/DR/47816686/BUYUCOIN CRYPTO BUY/paym3597724331 AT LOC 5717,CRYPTO_TRANSACTION,VDA
WDL TFR NEFT-NSC PURCHASE UTR123456789,INVESTMENT_TAX_SAVING,deduction_80C_80CCD
ACH/DR/INDUSIND FD INT,INTEREST_INCOME,Schedule_OS
NEFT/CR/FAASOS REF-CR-2025-12345,REGULAR_EXPENSE,none
WDL TFR UPI/DR/52091325/TOPTAL USD REMITTANCE/paym1245522987 AT LOC 9671,FREELANCE_INCOME,foreign_remittance
WDL TFR UPI/DR/90440034/ANNAPURNA RESTAURANT/paym1235286733 AT LOC 3449,REGULAR_EXPENSE,none
WDL TFR UPI/DR/21457410/SARDAR JI DHABA/paym5695387521 AT LOC 1682,REGULAR_EXPENSE,none
WDL TFR UPI/DR/10344303/ICICI PRUDENTIAL LIFE RENEWAL/paym5933179746 AT LOC 8924,INSURANCE_PREMIUM,deduction_80D_80C
DEP TFR VAULD BTC PURCHASE /BANGALORE TERMINAL 12,CRYPTO_TRANSACTION,VDA
WDL TFR KOTAK HOUSING LOAN EMI /MUMBAI,LOAN_EMI,deduction_24b_80C
WDL TFR UPI/DR/79583757/HDFC LIFE INSURANCE ANNUAL PREMIUM/paym8543865915 AT LOC 7342,INSURANCE_PREMIUM,deduction_80D_80C
WDL TFR UPI/DR/41068214/RENT PATEL APARTMENT RENTAL/paym8986950095 AT LOC 1266,RENT_PAID,deduction_HRA_80GG
WDL TFR NEFT-RENT RAJ KAPOOR LANDLORD UTR123456789,RENT_PAID,deduction_HRA_80GG
COINDCX CRYPTO SELL 04042025,CRYPTO_TRANSACTION,VDA
MITTAL TIFFIN SERVICE,REGULAR_EXPENSE,none
WDL TFR RENT MISHRA PG RENT 04042025,RENT_PAID,deduction_HRA_80GG
DEP TFR GROWW EQUITY SELL UTR123456789,CAPITAL_MARKET,Schedule_CG
ACH/DR/ELSS SIP MIRAE,INVESTMENT_TAX_SAVING,deduction_80C_80CCD
WDL TFR DMART READY /paym00987654321,REGULAR_EXPENSE,none
ACH/DR/INDIABULLS HOUSING LOAN EMI AT NASIK,LOAN_EMI,deduction_24b_80C
ELSS SIP HDFC AT NASIK,INVESTMENT_TAX_SAVING,deduction_80C_80CCD
WDL TFR UPI/DR/45059710/BINANCE USDT TRANSFER/paym2140169349 AT LOC 1876,CRYPTO_TRANSACTION,VDA
JPMORGAN CHASE USD USD REMITTANCE,FREELANCE_INCOME,foreign_remittance
WDL TFR UPI/DR/39557077/GUSTO PAYROLL USD REMITTANCE/paym1030884438 AT LOC 1064,FREELANCE_INCOME,foreign_remittance
WDL TFR UPI/DR/82148284/ELSS SIP MIRAE/paym5877639950 AT LOC 7532,INVESTMENT_TAX_SAVING,deduction_80C_80CCD
WDL TFR DIVIDEND RELIANCE LTD REF-CR-2025-12345,DIVIDEND_INCOME,Schedule_OS
WDL TFR UPI/DR/95618110/AXIS BANK AUTO LOAN EMI/paym6385791669 AT LOC 4283,LOAN_EMI,deduction_24b_80C
NEFT/DR/INTEREST ON FIXED DEPOSIT AT NASIK,INTEREST_INCOME,Schedule_OS
WDL TFR UPI/DR/27013243/BANSAL TEA CORNER/paym8480622107 AT LOC 8719,REGULAR_EXPENSE,none
WDL TFR UPI/DR/94482772/DIVIDEND ITC LIMITED LTD/paym3948284698 AT LOC 2585,DIVIDEND_INCOME,Schedule_OS
DEP TFR BORROWED MONEY RETURN 04042025,TRANSFER,none
WDL TFR UPI/DR/16109013/DIVIDEND MARUTI SUZUKI LTD/paym5184564874 AT LOC 9166,DIVIDEND_INCOME,Schedule_OS
WDL TFR UPI/DR/81200181/SHREE NATH SAREES/paym6218955985 AT LOC 6978,REGULAR_EXPENSE,none
ACH/DR/EASEMYTRIP /MUMBAI,REGULAR_EXPENSE,none
RTGS/DR/KAKA HALWAI,REGULAR_EXPENSE,none
WDL TFR UPI/DR/57683626/SALARY SWIGGY/paym3783290795 AT LOC 2903,SALARY_INCOME,salary
IMPS/CR/FLIPKART REF-CR-2025-12345,REGULAR_EXPENSE,none
WDL TFR PURI PROVISION STORE UTR123456789,REGULAR_EXPENSE,none
WDL TFR UPI/DR/98346110/LIC HOUSING FINANCE CAR LOAN EMI/paym6994940029 AT LOC 232,LOAN_EMI,deduction_24b_80C
WDL TFR UPI/DR/15677713/JAGGI JEWELLERS/paym2873548915 AT LOC 7632,REGULAR_EXPENSE,none
POS PRCH AT MIRAE ASSET MF SIP PURCHASE AT NASIK,CAPITAL_MARKET,Schedule_CG
WDL TFR UPI/DR/74503785/STARBUCKS/paym9049270990 AT LOC 9185,REGULAR_EXPENSE,none
RTGS/DR/PNB RD INTEREST AT NASIK,INTEREST_INCOME,Schedule_OS
WDL TFR UPI/DR/12799319/GUDDI BEAUTY PARLOUR/paym9444763362 AT LOC 2915,REGULAR_EXPENSE,none
WDL TFR UPI/DR/34970946/EMERGENCY TRANSFER/paym3412365931 AT LOC 4388,TRANSFER,none
ACH/DR/SALARY L&T 04042025,SALARY_INCOME,salary
ACH/DR/FIVERR INTERNATIONAL USD REMITTANCE /BANGALORE TERMINAL 12,FREELANCE_INCOME,foreign_remittance
UPI/CR/SALARY RAZORPAY REF-CR-2025-12345,SALARY_INCOME,salary
NEFT/DR/SALARY RELIANCE INDUSTRIES REF-CR-2025-12345,SALARY_INCOME,salary
POS PRCH AT GARDEN VIEW DHABA UTR123456789,REGULAR_EXPENSE,none
WDL TFR UPI/DR/67985905/RENT MS SINGH RENTAL INCOME/paym8449766493 AT LOC 9991,RENT_PAID,deduction_HRA_80GG
IMPS/CR/PINKY SAREE HOUSE /paym00987654321,REGULAR_EXPENSE,none
UPI/CR/REVERSAL UPI TRANSACTION 04042025,TRANSFER,none
POS PRCH AT ANDHRA MESS SOUTH INDIAN AT NASIK,REGULAR_EXPENSE,none
WDL TFR UPI/DR/39801436/IRCTC/paym8802681056 AT LOC 5827,REGULAR_EXPENSE,none
UPI/DR/PAYTM MONEY SHARE SALE AT NASIK,CAPITAL_MARKET,Schedule_CG
UPI/DR/UNOCOIN ETH SALE REF-CR-2025-12345,CRYPTO_TRANSACTION,VDA
WDL TFR UPI/DR/24208709/DOLLY FASHION POINT/paym6340003593 AT LOC 9748,REGULAR_EXPENSE,none
TULSI VEG SHOP /TXN-REF-7654321,REGULAR_EXPENSE,none
PAYTM MONEY EQUITY BUY REF-CR-2025-12345,CAPITAL_MARKET,Schedule_CG
WDL TFR UPI/DR/42100652/AJIO/paym4586784711 AT LOC 6126,REGULAR_EXPENSE,none
NEFT/DR/RAMESH MEDICAL STORE REF-CR-2025-12345,REGULAR_EXPENSE,none
WDL TFR NEFT-REMITLY USD REMITTANCE,FREELANCE_INCOME,foreign_remittance
TRIVEDI ELECTRONICS REF-CR-2025-12345,REGULAR_EXPENSE,none
DURGA PUJA CATERERS /MUMBAI,REGULAR_EXPENSE,none
DEP TFR RENT PRIYA SHARMA LANDLORD /TXN-REF-7654321,RENT_PAID,deduction_HRA_80GG
WDL TFR FIRSTCRY /MUMBAI,REGULAR_EXPENSE,none
WDL TFR UPI/DR/66851377/BUYUCOIN BTC PURCHASE/paym8856990236 AT LOC 822,CRYPTO_TRANSACTION,VDA
WDL TFR UPI/DR/64277800/DIVIDEND INFOSYS LTD/paym3971203213 AT LOC 5116,DIVIDEND_INCOME,Schedule_OS
DEP TFR PRINCE DRY CLEANERS 04042025,REGULAR_EXPENSE,none
WDL TFR UPI/DR/93851247/RELIANCE FRESH/paym2879792991 AT LOC 6831,REGULAR_EXPENSE,none
NEFT/CR/UPSTOX SHARE SALE REF-CR-2025-12345,CAPITAL_MARKET,Schedule_CG
WDL TFR NEFT-QUARTERLY SAVINGS INTEREST AT NASIK,INTEREST_INCOME,Schedule_OS
DEP TFR PAYONEER USD REMITTANCE /TXN-REF-7654321,FREELANCE_INCOME,foreign_remittance
UPI/DR/DIVIDEND HUL LTD,DIVIDEND_INCOME,Schedule_OS
NEFT/DR/PARAS JEWELS,REGULAR_EXPENSE,none
WDL TFR UPI/DR/83715012/ICICI PRUDENTIAL LIFE POLICY PAYMENT/paym6532043071 AT LOC 8041,INSURANCE_PREMIUM,deduction_80D_80C
SBI SAVINGS INTEREST Q1,INTEREST_INCOME,Schedule_OS
DEP TFR ATM WITHDRAWAL HDFC /BANGALORE TERMINAL 12,TRANSFER,none
RENT PROPERTY RENTAL MUMBAI /TXN-REF-7654321,RENT_PAID,deduction_HRA_80GG
UPI/CR/COINDCX BTC PURCHASE /TXN-REF-7654321,CRYPTO_TRANSACTION,VDA
